run,auc_sl,acc_sl,ppv_sl,npv_sl,sens_sl,spec_sl,mean_auc_sl
1,0.818181818,0.657142857,0.666666667,0.818181818,0.888888889,0.529411765,0.731844291
2,0.735507246,NA,0.52173913,0.833333333,0.857142857,0.476190476,NA
3,0.799145299,NA,0.769230769,0.444444444,0.8,0.4,NA
4,0.78030303,NA,0.833333333,0.727272727,0.869565217,0.666666667,NA
5,0.747863248,NA,0.576923077,0.666666667,0.833333333,0.352941176,NA
6,0.583333333,NA,0.555555556,0.375,0.75,0.2,NA
7,0.699300699,NA,0.636363636,0.615384615,0.736842105,0.5,NA
8,0.696,NA,0.64,0.6,0.8,0.4,NA
9,0.81,NA,0.8,0.533333333,0.695652174,0.666666667,NA
10,0.772108844,NA,0.857142857,0.428571429,0.692307692,0.666666667,NA
11,0.760683761,NA,0.730769231,0.555555556,0.826086957,0.416666667,NA
12,0.74537037,NA,0.592592593,0.75,0.888888889,0.352941176,NA
13,0.751748252,NA,0.727272727,0.769230769,0.842105263,0.625,NA
14,0.715909091,NA,0.708333333,0.545454545,0.772727273,0.461538462,NA
15,0.608843537,NA,0.714285714,0.357142857,0.625,0.454545455,NA
16,0.606060606,NA,0.541666667,0.545454545,0.722222222,0.352941176,NA
17,0.744755245,NA,0.727272727,0.538461538,0.727272727,0.538461538,NA
18,0.625,NA,0.458333333,0.727272727,0.785714286,0.380952381,NA
19,0.757246377,NA,0.739130435,0.75,0.85,0.6,NA
20,0.660839161,NA,0.545454545,0.615384615,0.705882353,0.444444444,NA
21,0.662878788,NA,0.708333333,0.363636364,0.708333333,0.363636364,NA
22,0.87244898,NA,0.821428571,0.571428571,0.884615385,0.444444444,NA
23,0.722222222,NA,0.5,0.888888889,0.928571429,0.380952381,NA
24,0.684,NA,0.68,0.7,0.85,0.466666667,NA
25,0.683760684,NA,0.730769231,0.444444444,0.791666667,0.363636364,NA
26,0.703947368,NA,0.842105263,0.25,0.571428571,0.571428571,NA
27,0.775362319,NA,0.869565217,0.5,0.769230769,0.666666667,NA
28,0.792,NA,0.72,0.5,0.782608696,0.416666667,NA
29,0.625,NA,0.708333333,0.454545455,0.739130435,0.416666667,NA
30,0.751748252,NA,0.681818182,0.769230769,0.833333333,0.588235294,NA
31,0.643939394,NA,0.5,0.727272727,0.8,0.4,NA
32,0.703333333,NA,0.65,0.466666667,0.619047619,0.5,NA
33,0.717687075,NA,0.714285714,0.642857143,0.75,0.6,NA
34,0.828703704,NA,0.777777778,0.5,0.84,0.4,NA
35,0.632575758,NA,0.583333333,0.818181818,0.875,0.473684211,NA
36,0.605442177,NA,0.571428571,0.5,0.631578947,0.4375,NA
37,0.761363636,NA,0.666666667,0.545454545,0.761904762,0.428571429,NA
38,0.77173913,NA,0.695652174,0.75,0.842105263,0.5625,NA
39,0.640151515,NA,0.75,0.545454545,0.782608696,0.5,NA
40,0.684,NA,0.76,0.5,0.791666667,0.454545455,NA
41,0.772727273,NA,0.75,0.727272727,0.857142857,0.571428571,NA
42,0.72027972,NA,0.818181818,0.461538462,0.72,0.6,NA
43,0.79020979,NA,0.636363636,0.615384615,0.736842105,0.5,NA
44,0.756,NA,0.64,0.8,0.888888889,0.470588235,NA
45,0.68707483,NA,0.666666667,0.428571429,0.636363636,0.461538462,NA
46,0.746212121,NA,0.625,0.545454545,0.75,0.4,NA
47,0.723484848,NA,0.833333333,0.363636364,0.740740741,0.5,NA
48,0.667832168,NA,0.818181818,0.384615385,0.692307692,0.555555556,NA
49,0.676870748,NA,0.619047619,0.5,0.65,0.466666667,NA
50,0.708,NA,0.56,0.8,0.875,0.421052632,NA
51,0.64957265,NA,0.576923077,0.666666667,0.833333333,0.352941176,NA
52,0.733333333,NA,0.75,0.533333333,0.681818182,0.615384615,NA
53,0.782608696,NA,0.869565217,0.5,0.769230769,0.666666667,NA
54,0.82,NA,0.8,0.6,0.727272727,0.692307692,NA
55,0.615942029,NA,0.652173913,0.25,0.625,0.272727273,NA
56,0.597701149,NA,0.586206897,0.5,0.85,0.2,NA
57,0.699300699,NA,0.636363636,0.615384615,0.736842105,0.5,NA
58,0.739130435,NA,0.652173913,0.666666667,0.789473684,0.5,NA
59,0.815217391,NA,0.782608696,0.666666667,0.818181818,0.615384615,NA
60,0.83,NA,0.866666667,0.35,0.5,0.777777778,NA
61,0.867132867,NA,0.954545455,0.538461538,0.777777778,0.875,NA
62,0.726495726,NA,0.576923077,0.666666667,0.833333333,0.352941176,NA
63,0.75,NA,0.782608696,0.5,0.75,0.545454545,NA
64,0.670068027,NA,0.857142857,0.428571429,0.692307692,0.666666667,NA
65,0.787878788,NA,0.791666667,0.636363636,0.826086957,0.583333333,NA
66,0.777777778,NA,0.846153846,0.333333333,0.785714286,0.428571429,NA
67,0.868,NA,0.76,0.6,0.826086957,0.5,NA
68,0.876068376,NA,0.576923077,0.888888889,0.9375,0.421052632,NA
69,0.777777778,NA,0.692307692,0.555555556,0.818181818,0.384615385,NA
70,0.7,NA,0.8,0.4,0.769230769,0.444444444,NA
71,0.760204082,NA,0.785714286,0.571428571,0.88,0.4,NA
72,0.795918367,NA,0.666666667,0.714285714,0.777777778,0.588235294,NA
73,0.670289855,NA,0.826086957,0.25,0.678571429,0.428571429,NA
74,0.756410256,NA,0.769230769,0.444444444,0.8,0.4,NA
75,0.643356643,NA,0.681818182,0.384615385,0.652173913,0.416666667,NA
76,0.734848485,NA,0.666666667,0.636363636,0.8,0.466666667,NA
77,0.689393939,NA,0.75,0.363636364,0.72,0.4,NA
78,0.588435374,NA,0.571428571,0.642857143,0.705882353,0.5,NA
79,0.772727273,NA,0.818181818,0.538461538,0.75,0.636363636,NA
80,0.634868421,NA,0.526315789,0.75,0.714285714,0.571428571,NA
81,0.752136752,NA,0.730769231,0.666666667,0.863636364,0.461538462,NA
82,0.799145299,NA,0.692307692,0.666666667,0.857142857,0.428571429,NA
83,0.778985507,NA,0.826086957,0.5,0.76,0.6,NA
84,0.692307692,NA,0.636363636,0.538461538,0.7,0.466666667,NA
85,0.637681159,NA,0.652173913,0.5,0.714285714,0.428571429,NA
86,0.789855072,NA,0.565217391,0.916666667,0.928571429,0.523809524,NA
87,0.706666667,NA,0.666666667,0.6,0.909090909,0.230769231,NA
88,0.625,NA,0.583333333,0.545454545,0.736842105,0.375,NA
89,0.776,NA,0.64,0.6,0.8,0.4,NA
90,0.675925926,NA,0.666666667,0.625,0.857142857,0.357142857,NA
91,0.723776224,NA,0.818181818,0.384615385,0.692307692,0.555555556,NA
92,0.748,NA,0.72,0.6,0.818181818,0.461538462,NA
93,0.666666667,NA,0.482758621,0.666666667,0.875,0.210526316,NA
94,0.699275362,NA,0.739130435,0.666666667,0.80952381,0.571428571,NA
95,0.756,NA,0.72,0.6,0.818181818,0.461538462,NA
96,0.784090909,NA,0.833333333,0.363636364,0.740740741,0.5,NA
97,0.757246377,NA,0.782608696,0.25,0.666666667,0.375,NA
98,0.768115942,NA,0.565217391,0.916666667,0.928571429,0.523809524,NA
99,0.695804196,NA,0.636363636,0.538461538,0.7,0.466666667,NA
100,0.717592593,NA,0.592592593,0.625,0.842105263,0.3125,NA
101,0.772727273,NA,0.791666667,0.636363636,0.826086957,0.583333333,NA
102,0.780612245,NA,0.642857143,0.714285714,0.9,0.333333333,NA
103,0.716,NA,0.68,0.6,0.80952381,0.428571429,NA
104,0.733333333,NA,0.75,0.466666667,0.652173913,0.583333333,NA
105,0.814393939,NA,0.791666667,0.363636364,0.730769231,0.444444444,NA
106,0.634057971,NA,0.695652174,0.583333333,0.761904762,0.5,NA
107,0.647727273,NA,0.583333333,0.545454545,0.736842105,0.375,NA
108,0.702898551,NA,0.826086957,0.333333333,0.703703704,0.5,NA
109,0.784090909,NA,0.666666667,0.818181818,0.888888889,0.529411765,NA
110,0.776515152,NA,0.458333333,0.818181818,0.846153846,0.409090909,NA
111,0.74537037,NA,0.740740741,0.375,0.8,0.3,NA
112,0.724489796,NA,0.642857143,0.714285714,0.9,0.333333333,NA
113,0.672,NA,0.76,0.2,0.703703704,0.25,NA
114,0.740131579,NA,0.631578947,0.625,0.666666667,0.588235294,NA
115,0.688811189,NA,0.590909091,0.692307692,0.764705882,0.5,NA
116,0.78030303,NA,0.708333333,0.545454545,0.772727273,0.461538462,NA
117,0.673469388,NA,0.761904762,0.571428571,0.727272727,0.615384615,NA
118,0.614942529,NA,0.586206897,0.666666667,0.894736842,0.25,NA
119,0.708,NA,0.64,0.7,0.842105263,0.4375,NA
120,0.829059829,NA,0.615384615,0.888888889,0.941176471,0.444444444,NA
121,0.829710145,NA,0.782608696,0.583333333,0.782608696,0.583333333,NA
122,0.724489796,NA,0.619047619,0.642857143,0.722222222,0.529411765,NA
123,0.752136752,NA,0.576923077,0.777777778,0.882352941,0.388888889,NA
124,0.704,NA,0.6,0.8,0.882352941,0.444444444,NA
125,0.688034188,NA,0.5,0.666666667,0.8125,0.315789474,NA
126,0.670289855,NA,0.47826087,0.75,0.785714286,0.428571429,NA
127,0.81,NA,0.8,0.6,0.727272727,0.692307692,NA
128,0.663043478,NA,0.739130435,0.5,0.739130435,0.5,NA
129,0.820512821,NA,0.846153846,0.555555556,0.846153846,0.555555556,NA
130,0.590909091,NA,0.681818182,0.461538462,0.681818182,0.461538462,NA
131,0.846153846,NA,0.923076923,0.333333333,0.8,0.6,NA
132,0.707482993,NA,0.666666667,0.5,0.666666667,0.5,NA
133,0.689393939,NA,0.708333333,0.545454545,0.772727273,0.461538462,NA
134,0.766447368,NA,0.578947368,0.8125,0.785714286,0.619047619,NA
135,0.764492754,NA,0.869565217,0.416666667,0.740740741,0.625,NA
136,0.673333333,NA,0.6,0.533333333,0.631578947,0.5,NA
137,0.736,NA,0.72,0.7,0.857142857,0.5,NA
138,0.692,NA,0.68,0.4,0.739130435,0.333333333,NA
139,0.699275362,NA,0.695652174,0.583333333,0.761904762,0.5,NA
140,0.896,NA,0.92,0.5,0.821428571,0.714285714,NA
141,0.692307692,NA,0.863636364,0.307692308,0.678571429,0.571428571,NA
142,0.765306122,NA,0.785714286,0.571428571,0.88,0.4,NA
143,0.773333333,NA,1,0.266666667,0.64516129,1,NA
144,0.844202899,NA,0.695652174,0.666666667,0.8,0.533333333,NA
145,0.641025641,NA,0.653846154,0.333333333,0.739130435,0.25,NA
146,0.673469388,NA,0.714285714,0.5,0.681818182,0.538461538,NA
147,0.632575758,NA,0.833333333,0.363636364,0.740740741,0.5,NA
148,0.696581197,NA,0.692307692,0.333333333,0.75,0.272727273,NA
149,0.797101449,NA,0.739130435,0.666666667,0.80952381,0.571428571,NA
150,0.75,NA,0.666666667,0.909090909,0.941176471,0.555555556,NA
151,0.769230769,NA,0.769230769,0.444444444,0.8,0.4,NA
152,0.828,NA,0.76,0.8,0.904761905,0.571428571,NA
153,0.734693878,NA,0.714285714,0.571428571,0.869565217,0.333333333,NA
154,0.82,NA,0.8,0.466666667,0.666666667,0.636363636,NA
155,0.84057971,NA,0.739130435,0.75,0.85,0.6,NA
156,0.759259259,NA,0.703703704,0.5,0.826086957,0.333333333,NA
157,0.884615385,NA,0.730769231,1,1,0.5625,NA
158,0.742753623,NA,0.695652174,0.666666667,0.8,0.533333333,NA
159,0.454081633,NA,0.571428571,0.142857143,0.727272727,0.076923077,NA
160,0.70979021,NA,0.772727273,0.538461538,0.739130435,0.583333333,NA
161,0.699300699,NA,0.727272727,0.384615385,0.666666667,0.454545455,NA
162,0.611111111,NA,0.555555556,0.375,0.75,0.2,NA
163,0.785714286,NA,0.80952381,0.5,0.708333333,0.636363636,NA
164,0.712121212,NA,0.75,0.272727273,0.692307692,0.333333333,NA
165,0.729885057,NA,0.586206897,0.666666667,0.894736842,0.25,NA
166,0.672,NA,0.8,0.3,0.740740741,0.375,NA
167,0.66,NA,0.633333333,0.6,0.904761905,0.214285714,NA
168,0.87037037,NA,0.888888889,0.625,0.888888889,0.625,NA
169,0.793478261,NA,0.826086957,0.666666667,0.826086957,0.666666667,NA
170,0.804,NA,0.64,0.9,0.941176471,0.5,NA
171,0.744,NA,0.72,0.7,0.857142857,0.5,NA
172,0.867521368,NA,0.807692308,0.777777778,0.913043478,0.583333333,NA
173,0.796,NA,0.76,0.7,0.863636364,0.538461538,NA
174,0.657407407,NA,0.592592593,0.625,0.842105263,0.3125,NA
175,0.666666667,NA,0.583333333,0.636363636,0.777777778,0.411764706,NA
176,0.893162393,NA,0.692307692,0.888888889,0.947368421,0.5,NA
177,0.8,NA,0.68,0.7,0.85,0.466666667,NA
178,0.756,NA,0.76,0.5,0.791666667,0.454545455,NA
179,0.712,NA,0.84,0.3,0.75,0.428571429,NA
180,0.848,NA,0.8,0.7,0.869565217,0.583333333,NA
181,0.756410256,NA,0.884615385,0.333333333,0.793103448,0.5,NA
182,0.837121212,NA,0.875,0.727272727,0.875,0.727272727,NA
183,0.615131579,NA,0.736842105,0.25,0.538461538,0.444444444,NA
184,0.818181818,NA,0.708333333,0.818181818,0.894736842,0.5625,NA
185,0.785714286,NA,0.857142857,0.428571429,0.692307692,0.666666667,NA
186,0.833333333,NA,0.807692308,0.555555556,0.84,0.5,NA
187,0.715909091,NA,0.666666667,0.636363636,0.8,0.466666667,NA
188,0.888888889,NA,0.666666667,0.875,0.947368421,0.4375,NA
189,0.829545455,NA,0.666666667,0.727272727,0.842105263,0.5,NA
190,0.746376812,NA,0.652173913,0.5,0.714285714,0.428571429,NA
191,0.784090909,NA,0.833333333,0.454545455,0.769230769,0.555555556,NA
192,0.805555556,NA,0.62962963,1,1,0.444444444,NA
193,0.693877551,NA,0.785714286,0.428571429,0.846153846,0.333333333,NA
194,0.836,NA,0.96,0.3,0.774193548,0.75,NA
195,0.765151515,NA,0.708333333,0.545454545,0.772727273,0.461538462,NA
196,0.576086957,NA,0.652173913,0.333333333,0.652173913,0.333333333,NA
197,0.584,NA,0.6,0.4,0.714285714,0.285714286,NA
198,0.689393939,NA,0.625,0.636363636,0.789473684,0.4375,NA
199,0.75462963,NA,0.814814815,0.375,0.814814815,0.375,NA
200,0.721014493,NA,0.52173913,0.833333333,0.857142857,0.476190476,NA
201,0.77,NA,0.55,0.8,0.785714286,0.571428571,NA
202,0.709401709,NA,0.730769231,0.333333333,0.76,0.3,NA
203,0.836956522,NA,0.869565217,0.5,0.769230769,0.666666667,NA
204,0.742424242,NA,0.625,0.545454545,0.75,0.4,NA
205,0.784,NA,0.76,0.5,0.791666667,0.454545455,NA
206,0.564,NA,0.48,0.5,0.705882353,0.277777778,NA
207,0.713675214,NA,0.692307692,0.555555556,0.818181818,0.384615385,NA
208,0.731060606,NA,0.625,0.727272727,0.833333333,0.470588235,NA
209,0.741258741,NA,0.727272727,0.538461538,0.727272727,0.538461538,NA
210,0.75,NA,0.652173913,0.666666667,0.789473684,0.5,NA
211,0.785714286,NA,0.75,0.428571429,0.84,0.3,NA
212,0.566433566,NA,0.681818182,0.307692308,0.625,0.363636364,NA
213,0.768,NA,0.76,0.7,0.863636364,0.538461538,NA
214,0.714285714,NA,0.666666667,0.5,0.666666667,0.5,NA
215,0.806666667,NA,0.85,0.466666667,0.68,0.7,NA
216,0.806818182,NA,0.791666667,0.545454545,0.791666667,0.545454545,NA
217,0.7,NA,0.68,0.7,0.85,0.466666667,NA
218,0.571969697,NA,0.666666667,0.454545455,0.727272727,0.384615385,NA
219,0.701149425,NA,0.689655172,0.666666667,0.909090909,0.307692308,NA
220,0.684782609,NA,0.739130435,0.333333333,0.68,0.4,NA
221,0.728,NA,0.56,0.7,0.823529412,0.388888889,NA
222,0.857142857,NA,0.821428571,0.714285714,0.92,0.5,NA
223,0.63986014,NA,0.590909091,0.538461538,0.684210526,0.4375,NA
224,0.673469388,NA,0.75,0.285714286,0.807692308,0.222222222,NA
225,0.713768116,NA,0.608695652,0.5,0.7,0.4,NA
226,0.833333333,NA,0.791666667,0.636363636,0.826086957,0.583333333,NA
227,0.692,NA,0.64,0.7,0.842105263,0.4375,NA
228,0.721014493,NA,0.739130435,0.5,0.739130435,0.5,NA
229,0.670940171,NA,0.692307692,0.444444444,0.782608696,0.333333333,NA
230,0.810606061,NA,0.708333333,0.636363636,0.80952381,0.5,NA
231,0.68627451,NA,0.666666667,0.411764706,0.545454545,0.538461538,NA
232,0.717948718,NA,0.615384615,0.444444444,0.761904762,0.285714286,NA
233,0.706521739,NA,0.782608696,0.416666667,0.72,0.5,NA
234,0.703947368,NA,0.894736842,0.25,0.586206897,0.666666667,NA
235,0.722222222,NA,0.703703704,0.625,0.863636364,0.384615385,NA
236,0.734848485,NA,0.875,0.545454545,0.807692308,0.666666667,NA
237,0.784090909,NA,0.708333333,0.636363636,0.80952381,0.5,NA
238,0.545918367,NA,0.642857143,0.285714286,0.782608696,0.166666667,NA
239,0.775362319,NA,0.782608696,0.583333333,0.782608696,0.583333333,NA
240,0.768939394,NA,0.708333333,0.545454545,0.772727273,0.461538462,NA
241,0.78,NA,0.84,0.2,0.724137931,0.333333333,NA
242,0.656,NA,0.32,0.9,0.888888889,0.346153846,NA
243,0.663043478,NA,0.782608696,0.166666667,0.642857143,0.285714286,NA
244,0.810606061,NA,0.875,0.454545455,0.777777778,0.625,NA
245,0.738095238,NA,0.714285714,0.571428571,0.714285714,0.571428571,NA
246,0.783216783,NA,0.954545455,0.384615385,0.724137931,0.833333333,NA
247,0.829931973,NA,0.857142857,0.571428571,0.75,0.727272727,NA
248,0.753787879,NA,0.583333333,1,1,0.523809524,NA
249,0.643356643,NA,0.681818182,0.615384615,0.75,0.533333333,NA
250,0.71969697,NA,0.708333333,0.545454545,0.772727273,0.461538462,NA
251,0.678321678,NA,0.727272727,0.461538462,0.695652174,0.5,NA
252,0.806122449,NA,0.761904762,0.5,0.695652174,0.583333333,NA
253,0.616666667,NA,0.7,0.466666667,0.636363636,0.538461538,NA
254,0.82,NA,0.7,0.8,0.954545455,0.307692308,NA
255,0.821428571,NA,0.678571429,0.857142857,0.95,0.4,NA
256,0.713333333,NA,0.8,0.4,0.64,0.6,NA
257,0.704081633,NA,0.714285714,0.571428571,0.714285714,0.571428571,NA
258,0.742424242,NA,0.708333333,0.636363636,0.80952381,0.5,NA
259,0.776223776,NA,0.818181818,0.384615385,0.692307692,0.555555556,NA
260,0.736,NA,0.8,0.5,0.8,0.5,NA
261,0.636,NA,0.64,0.3,0.695652174,0.25,NA
262,0.730769231,NA,0.545454545,0.769230769,0.8,0.5,NA
263,0.734848485,NA,0.75,0.545454545,0.782608696,0.5,NA
264,0.713286713,NA,0.909090909,0.384615385,0.714285714,0.714285714,NA
265,0.712121212,NA,0.625,0.636363636,0.789473684,0.4375,NA
266,0.756666667,NA,0.8,0.466666667,0.666666667,0.636363636,NA
267,0.746710526,NA,0.736842105,0.625,0.7,0.666666667,NA
268,0.810606061,NA,0.875,0.363636364,0.75,0.571428571,NA
269,0.602564103,NA,0.576923077,0.555555556,0.789473684,0.3125,NA
270,0.833333333,NA,0.791666667,0.727272727,0.863636364,0.615384615,NA
271,0.755244755,NA,0.636363636,0.769230769,0.823529412,0.555555556,NA
272,0.688,NA,0.8,0.4,0.769230769,0.444444444,NA
273,0.662878788,NA,0.541666667,0.818181818,0.866666667,0.45,NA
274,0.74,NA,0.64,0.7,0.842105263,0.4375,NA
275,0.833333333,NA,0.807692308,0.555555556,0.84,0.5,NA
276,0.728,NA,0.72,0.6,0.818181818,0.461538462,NA
277,0.797202797,NA,0.772727273,0.615384615,0.772727273,0.615384615,NA
278,0.753623188,NA,0.826086957,0.416666667,0.730769231,0.555555556,NA
279,0.77173913,NA,0.739130435,0.416666667,0.708333333,0.454545455,NA
280,0.792,NA,0.6,0.8,0.882352941,0.444444444,NA
281,0.708,NA,0.76,0.6,0.826086957,0.5,NA
282,0.844202899,NA,0.869565217,0.583333333,0.8,0.7,NA
283,0.773504274,NA,0.692307692,0.666666667,0.857142857,0.428571429,NA
284,0.65530303,NA,0.833333333,0.454545455,0.769230769,0.555555556,NA
285,0.695652174,NA,0.782608696,0.5,0.75,0.545454545,NA
286,0.764,NA,0.76,0.6,0.826086957,0.5,NA
287,0.786231884,NA,0.913043478,0.5,0.777777778,0.75,NA
288,0.673469388,NA,0.476190476,0.785714286,0.769230769,0.5,NA
289,0.815217391,NA,0.913043478,0.416666667,0.75,0.714285714,NA
290,0.671296296,NA,0.518518519,0.75,0.875,0.315789474,NA
291,0.644927536,NA,0.608695652,0.583333333,0.736842105,0.4375,NA
292,0.724637681,NA,0.652173913,0.75,0.833333333,0.529411765,NA
293,0.590909091,NA,0.5,0.545454545,0.705882353,0.333333333,NA
294,0.753333333,NA,0.9,0.466666667,0.692307692,0.777777778,NA
295,0.724137931,NA,0.689655172,0.666666667,0.909090909,0.307692308,NA
296,0.653061224,NA,0.571428571,0.571428571,0.842105263,0.25,NA
297,0.482905983,NA,0.615384615,0.333333333,0.727272727,0.230769231,NA
298,0.732,NA,0.84,0.3,0.75,0.428571429,NA
299,0.75,NA,0.7,0.6,0.7,0.6,NA
300,0.688034188,NA,0.653846154,0.444444444,0.772727273,0.307692308,NA
301,0.729591837,NA,0.714285714,0.571428571,0.869565217,0.333333333,NA
302,0.78,NA,0.72,0.6,0.818181818,0.461538462,NA
303,0.773504274,NA,0.692307692,0.666666667,0.857142857,0.428571429,NA
304,0.712121212,NA,0.625,0.636363636,0.789473684,0.4375,NA
305,0.75,NA,0.678571429,0.714285714,0.904761905,0.357142857,NA
306,0.712121212,NA,0.75,0.636363636,0.818181818,0.538461538,NA
307,0.70979021,NA,0.681818182,0.538461538,0.714285714,0.5,NA
308,0.819727891,NA,0.857142857,0.428571429,0.692307692,0.666666667,NA
309,0.561594203,NA,0.652173913,0.25,0.625,0.272727273,NA
310,0.685606061,NA,0.833333333,0.363636364,0.740740741,0.5,NA
311,0.833333333,NA,0.807692308,0.555555556,0.84,0.5,NA
312,0.692028986,NA,0.608695652,0.666666667,0.777777778,0.470588235,NA
313,0.71969697,NA,0.708333333,0.545454545,0.772727273,0.461538462,NA
314,0.81884058,NA,0.652173913,0.833333333,0.882352941,0.555555556,NA
315,0.59469697,NA,0.708333333,0.454545455,0.739130435,0.416666667,NA
316,0.833333333,NA,0.739130435,0.75,0.85,0.6,NA
317,0.684782609,NA,0.608695652,0.583333333,0.736842105,0.4375,NA
318,0.794871795,NA,0.615384615,0.777777778,0.888888889,0.411764706,NA
319,0.721014493,NA,0.652173913,0.666666667,0.789473684,0.5,NA
320,0.732,NA,0.76,0.5,0.791666667,0.454545455,NA
321,0.676870748,NA,0.523809524,0.714285714,0.733333333,0.5,NA
322,0.775362319,NA,0.826086957,0.583333333,0.791666667,0.636363636,NA
323,0.664,NA,0.64,0.4,0.727272727,0.307692308,NA
324,0.689814815,NA,0.740740741,0.5,0.833333333,0.363636364,NA
325,0.901515152,NA,1,0.545454545,0.827586207,1,NA
326,0.818181818,NA,0.772727273,0.384615385,0.68,0.5,NA
327,0.700854701,NA,0.615384615,0.777777778,0.888888889,0.411764706,NA
328,0.760683761,NA,0.923076923,0.444444444,0.827586207,0.666666667,NA
329,0.639455782,NA,0.571428571,0.428571429,0.6,0.4,NA
330,0.764492754,NA,0.869565217,0.25,0.689655172,0.5,NA
331,0.591836735,NA,0.678571429,0.571428571,0.863636364,0.307692308,NA
332,0.744897959,NA,0.761904762,0.642857143,0.761904762,0.642857143,NA
333,0.746376812,NA,0.695652174,0.5,0.727272727,0.461538462,NA
334,0.792,NA,0.8,0.6,0.833333333,0.545454545,NA
335,0.710144928,NA,0.739130435,0.5,0.739130435,0.5,NA
336,0.721014493,NA,0.869565217,0.25,0.689655172,0.5,NA
337,0.733552632,NA,0.736842105,0.625,0.7,0.666666667,NA
338,0.653061224,NA,0.80952381,0.5,0.708333333,0.636363636,NA
339,0.744755245,NA,0.636363636,0.615384615,0.736842105,0.5,NA
340,0.644927536,NA,0.652173913,0.5,0.714285714,0.428571429,NA
341,0.656,NA,0.64,0.5,0.761904762,0.357142857,NA
342,0.786231884,NA,0.826086957,0.416666667,0.730769231,0.555555556,NA
343,0.778911565,NA,0.714285714,0.5,0.681818182,0.538461538,NA
344,0.797202797,NA,0.681818182,0.615384615,0.75,0.533333333,NA
345,0.799145299,NA,0.653846154,0.777777778,0.894736842,0.4375,NA
346,0.602040816,NA,0.571428571,0.571428571,0.842105263,0.25,NA
347,0.66,NA,0.72,0.3,0.72,0.3,NA
348,0.656,NA,0.68,0.4,0.739130435,0.333333333,NA
349,0.862318841,NA,0.826086957,0.666666667,0.826086957,0.666666667,NA
350,0.709401709,NA,0.615384615,0.555555556,0.8,0.333333333,NA
351,0.702898551,NA,0.782608696,0.583333333,0.782608696,0.583333333,NA
352,0.71969697,NA,0.625,0.545454545,0.75,0.4,NA
353,0.846666667,NA,0.8,0.733333333,0.8,0.733333333,NA
354,0.679487179,NA,0.615384615,0.555555556,0.8,0.333333333,NA
355,0.653061224,NA,0.761904762,0.428571429,0.666666667,0.545454545,NA
356,0.844,NA,0.88,0.8,0.916666667,0.727272727,NA
357,0.763888889,NA,0.555555556,0.875,0.9375,0.368421053,NA
358,0.674825175,NA,0.818181818,0.384615385,0.692307692,0.555555556,NA
359,0.612318841,NA,0.652173913,0.333333333,0.652173913,0.333333333,NA
360,0.733870968,NA,0.677419355,0.75,0.954545455,0.230769231,NA
361,0.757246377,NA,0.608695652,0.75,0.823529412,0.5,NA
362,0.765151515,NA,0.666666667,0.727272727,0.842105263,0.5,NA
363,0.722222222,NA,0.62962963,0.625,0.85,0.333333333,NA
364,0.803030303,NA,0.75,0.636363636,0.818181818,0.538461538,NA
365,0.663333333,NA,0.65,0.533333333,0.65,0.533333333,NA
366,0.684,NA,0.76,0.6,0.826086957,0.5,NA
367,0.713675214,NA,0.730769231,0.555555556,0.826086957,0.416666667,NA
368,0.676,NA,0.52,0.6,0.764705882,0.333333333,NA
369,0.776315789,NA,0.842105263,0.5625,0.695652174,0.75,NA
370,0.56462585,NA,0.523809524,0.571428571,0.647058824,0.444444444,NA
371,0.714285714,NA,0.619047619,0.714285714,0.764705882,0.555555556,NA
372,0.678321678,NA,0.636363636,0.538461538,0.7,0.466666667,NA
373,0.699300699,NA,0.909090909,0.384615385,0.714285714,0.714285714,NA
374,0.652,NA,0.4,0.9,0.909090909,0.375,NA
375,0.91954023,NA,0.551724138,1,1,0.315789474,NA
376,0.796,NA,0.8,0.4,0.769230769,0.444444444,NA
377,0.696666667,NA,0.7,0.533333333,0.666666667,0.571428571,NA
378,0.747863248,NA,0.769230769,0.444444444,0.8,0.4,NA
379,0.700757576,NA,0.791666667,0.363636364,0.730769231,0.444444444,NA
380,0.670940171,NA,0.692307692,0.555555556,0.818181818,0.384615385,NA
381,0.794871795,NA,0.730769231,0.666666667,0.863636364,0.461538462,NA
382,0.755244755,NA,0.772727273,0.692307692,0.80952381,0.642857143,NA
383,0.810606061,NA,0.916666667,0.454545455,0.785714286,0.714285714,NA
384,0.738095238,NA,0.857142857,0.357142857,0.666666667,0.625,NA
385,0.772,NA,0.76,0.6,0.826086957,0.5,NA
386,0.615646259,NA,0.714285714,0.5,0.681818182,0.538461538,NA
387,0.596666667,NA,0.45,0.333333333,0.473684211,0.3125,NA
388,0.653846154,NA,0.681818182,0.461538462,0.681818182,0.461538462,NA
389,0.740740741,NA,0.666666667,0.625,0.857142857,0.357142857,NA
390,0.657342657,NA,0.772727273,0.307692308,0.653846154,0.444444444,NA
391,0.806666667,NA,0.733333333,0.8,0.956521739,0.333333333,NA
392,0.776223776,NA,0.863636364,0.384615385,0.703703704,0.625,NA
393,0.632478632,NA,0.653846154,0.555555556,0.80952381,0.357142857,NA
394,0.756,NA,0.52,0.8,0.866666667,0.4,NA
395,0.64,NA,0.6,0.466666667,0.6,0.466666667,NA
396,0.787356322,NA,0.827586207,0.5,0.888888889,0.375,NA
397,0.768707483,NA,0.761904762,0.642857143,0.761904762,0.642857143,NA
398,0.636752137,NA,0.538461538,0.777777778,0.875,0.368421053,NA
399,0.753623188,NA,0.695652174,0.583333333,0.761904762,0.5,NA
400,0.815217391,NA,0.739130435,0.583333333,0.772727273,0.538461538,NA
401,0.860544218,NA,0.80952381,0.714285714,0.80952381,0.714285714,NA
402,0.717592593,NA,0.62962963,0.5,0.80952381,0.285714286,NA
403,0.734693878,NA,0.80952381,0.428571429,0.68,0.6,NA
404,0.696969697,NA,0.75,0.545454545,0.782608696,0.5,NA
405,0.794871795,NA,0.807692308,0.444444444,0.807692308,0.444444444,NA
406,0.775362319,NA,0.652173913,0.583333333,0.75,0.466666667,NA
407,0.598639456,NA,0.619047619,0.571428571,0.684210526,0.5,NA
408,0.628,NA,0.52,0.6,0.764705882,0.333333333,NA
409,0.741496599,NA,0.714285714,0.571428571,0.714285714,0.571428571,NA
410,0.746212121,NA,0.833333333,0.545454545,0.8,0.6,NA
411,0.846153846,NA,0.730769231,0.666666667,0.863636364,0.461538462,NA
412,0.857142857,NA,0.785714286,0.571428571,0.88,0.4,NA
413,0.685314685,NA,0.681818182,0.615384615,0.75,0.533333333,NA
414,0.706666667,NA,0.8,0.333333333,0.615384615,0.555555556,NA
415,0.526515152,NA,0.75,0.090909091,0.642857143,0.142857143,NA
416,0.713768116,NA,0.869565217,0.333333333,0.714285714,0.571428571,NA
417,0.685606061,NA,0.625,0.545454545,0.75,0.4,NA
418,0.71,NA,0.75,0.533333333,0.681818182,0.615384615,NA
419,0.887681159,NA,0.782608696,0.75,0.857142857,0.642857143,NA
420,0.701149425,NA,0.827586207,0.166666667,0.827586207,0.166666667,NA
421,0.688034188,NA,0.615384615,0.444444444,0.761904762,0.285714286,NA
422,0.772727273,NA,0.681818182,0.769230769,0.833333333,0.588235294,NA
423,0.816326531,NA,0.892857143,0.714285714,0.925925926,0.625,NA
424,0.814685315,NA,0.818181818,0.538461538,0.75,0.636363636,NA
425,0.738095238,NA,0.80952381,0.5,0.708333333,0.636363636,NA
426,0.755244755,NA,0.772727273,0.384615385,0.68,0.5,NA
427,0.590909091,NA,0.545454545,0.461538462,0.631578947,0.375,NA
428,0.619047619,NA,0.619047619,0.428571429,0.619047619,0.428571429,NA
429,0.75,NA,0.708333333,0.545454545,0.772727273,0.461538462,NA
430,0.833333333,NA,0.807692308,0.777777778,0.913043478,0.583333333,NA
431,0.730769231,NA,0.730769231,0.555555556,0.826086957,0.416666667,NA
432,0.790816327,NA,0.642857143,1,1,0.411764706,NA
433,0.75,NA,0.791666667,0.636363636,0.826086957,0.583333333,NA
434,0.702898551,NA,0.565217391,0.75,0.8125,0.473684211,NA
435,0.641025641,NA,0.730769231,0.555555556,0.826086957,0.416666667,NA
436,0.898601399,NA,0.818181818,0.769230769,0.857142857,0.714285714,NA
437,0.814393939,NA,0.666666667,0.636363636,0.8,0.466666667,NA
438,0.70979021,NA,0.636363636,0.769230769,0.823529412,0.555555556,NA
439,0.696,NA,0.76,0.7,0.863636364,0.538461538,NA
440,0.74,NA,0.72,0.6,0.818181818,0.461538462,NA
441,0.673333333,NA,0.65,0.6,0.684210526,0.5625,NA
442,0.803333333,NA,0.75,0.733333333,0.789473684,0.6875,NA
443,0.7,NA,0.65,0.6,0.684210526,0.5625,NA
444,0.786666667,NA,0.65,0.8,0.8125,0.631578947,NA
445,0.774509804,NA,0.777777778,0.470588235,0.608695652,0.666666667,NA
446,0.755102041,NA,0.714285714,0.571428571,0.714285714,0.571428571,NA
447,0.726666667,NA,0.8,0.333333333,0.615384615,0.555555556,NA
448,0.737762238,NA,0.818181818,0.538461538,0.75,0.636363636,NA
449,0.753623188,NA,0.695652174,0.583333333,0.761904762,0.5,NA
450,0.807971014,NA,0.652173913,0.666666667,0.789473684,0.5,NA
451,0.844202899,NA,0.956521739,0.583333333,0.814814815,0.875,NA
452,0.816326531,NA,0.571428571,0.857142857,0.941176471,0.333333333,NA
453,0.858552632,NA,0.842105263,0.5625,0.695652174,0.75,NA
454,0.804347826,NA,0.869565217,0.583333333,0.8,0.7,NA
455,0.92,NA,0.8,0.8,0.909090909,0.615384615,NA
456,0.695652174,NA,0.565217391,0.75,0.8125,0.473684211,NA
457,0.764,NA,0.76,0.7,0.863636364,0.538461538,NA
458,0.753787879,NA,0.75,0.545454545,0.782608696,0.5,NA
459,0.784090909,NA,0.791666667,0.545454545,0.791666667,0.545454545,NA
460,0.748251748,NA,0.863636364,0.538461538,0.76,0.7,NA
461,0.747863248,NA,0.730769231,0.444444444,0.791666667,0.363636364,NA
462,0.792,NA,0.76,0.5,0.791666667,0.454545455,NA
463,0.636,NA,0.8,0.5,0.8,0.5,NA
464,0.755102041,NA,0.571428571,0.857142857,0.857142857,0.571428571,NA
465,0.708333333,NA,0.916666667,0.272727273,0.733333333,0.6,NA
466,0.655797101,NA,0.52173913,0.583333333,0.705882353,0.388888889,NA
467,0.596,NA,0.56,0.5,0.736842105,0.3125,NA
468,0.696581197,NA,0.692307692,0.444444444,0.782608696,0.333333333,NA
469,0.74,NA,0.7,0.466666667,0.636363636,0.538461538,NA
470,0.769230769,NA,0.909090909,0.307692308,0.689655172,0.666666667,NA
471,0.782894737,NA,0.842105263,0.625,0.727272727,0.769230769,NA
472,0.758503401,NA,0.761904762,0.642857143,0.761904762,0.642857143,NA
473,0.700757576,NA,0.625,0.636363636,0.789473684,0.4375,NA
474,0.724489796,NA,0.571428571,0.571428571,0.842105263,0.25,NA
475,0.774509804,NA,0.823529412,0.388888889,0.56,0.7,NA
476,0.786713287,NA,0.681818182,0.769230769,0.833333333,0.588235294,NA
477,0.657342657,NA,0.636363636,0.461538462,0.666666667,0.428571429,NA
478,0.636752137,NA,0.653846154,0.555555556,0.80952381,0.357142857,NA
479,0.78,NA,0.8,0.5,0.8,0.5,NA
480,0.702797203,NA,0.727272727,0.307692308,0.64,0.4,NA
481,0.653846154,NA,0.653846154,0.555555556,0.80952381,0.357142857,NA
482,0.734265734,NA,0.772727273,0.461538462,0.708333333,0.545454545,NA
483,0.625,NA,0.541666667,0.545454545,0.722222222,0.352941176,NA
484,0.738095238,NA,0.619047619,0.785714286,0.8125,0.578947368,NA
485,0.713768116,NA,0.782608696,0.5,0.75,0.545454545,NA
486,0.556818182,NA,0.541666667,0.363636364,0.65,0.266666667,NA
487,0.746666667,NA,0.8,0.6,0.923076923,0.333333333,NA
488,0.775510204,NA,0.761904762,0.5,0.695652174,0.583333333,NA
489,0.736666667,NA,0.75,0.533333333,0.681818182,0.615384615,NA
490,0.800724638,NA,0.739130435,0.75,0.85,0.6,NA
491,0.689393939,NA,0.708333333,0.454545455,0.739130435,0.416666667,NA
492,0.795454545,NA,0.708333333,0.818181818,0.894736842,0.5625,NA
493,0.782051282,NA,0.692307692,0.666666667,0.857142857,0.428571429,NA
494,0.726495726,NA,0.5,0.666666667,0.8125,0.315789474,NA
495,0.673913043,NA,0.913043478,0.333333333,0.724137931,0.666666667,NA
496,0.706293706,NA,0.772727273,0.461538462,0.708333333,0.545454545,NA
497,0.78030303,NA,0.625,0.727272727,0.833333333,0.470588235,NA
498,0.776315789,NA,0.842105263,0.625,0.727272727,0.769230769,NA
499,0.684,NA,0.68,0.4,0.739130435,0.333333333,NA
500,0.816326531,0.657142857,0.80952381,0.428571429,0.68,0.6,NA
501,0.757246377,0.685714286,0.695652174,0.666666667,0.8,0.533333333,0.73196655
502,0.770408163,NA,0.857142857,0.428571429,0.857142857,0.428571429,0.73196655
503,0.777777778,NA,0.846153846,0.555555556,0.846153846,0.555555556,0.73196655
504,0.678030303,NA,0.666666667,0.272727273,0.666666667,0.272727273,0.73196655
505,0.879084967,NA,0.944444444,0.470588235,0.653846154,0.888888889,0.73196655
506,0.655797101,NA,0.695652174,0.5,0.727272727,0.461538462,0.73196655
507,0.865740741,NA,0.703703704,0.875,0.95,0.466666667,0.73196655
508,0.727272727,NA,0.708333333,0.636363636,0.80952381,0.5,0.73196655
509,0.795454545,NA,0.708333333,0.909090909,0.944444444,0.588235294,0.73196655
510,0.755102041,NA,0.678571429,0.714285714,0.904761905,0.357142857,0.73196655
511,0.688811189,NA,0.818181818,0.461538462,0.72,0.6,0.73196655
512,0.760204082,NA,0.571428571,0.857142857,0.941176471,0.333333333,0.73196655
513,0.592592593,NA,0.555555556,0.625,0.833333333,0.294117647,0.73196655
514,0.832,NA,0.52,0.8,0.866666667,0.4,0.73196655
515,0.688,NA,0.64,0.6,0.8,0.4,0.73196655
516,0.684,NA,0.8,0.4,0.769230769,0.444444444,0.73196655
517,0.662393162,NA,0.653846154,0.222222222,0.708333333,0.181818182,0.73196655
518,0.706293706,NA,0.727272727,0.461538462,0.695652174,0.5,0.73196655
519,0.726973684,NA,0.736842105,0.625,0.7,0.666666667,0.73196655
520,0.723776224,NA,0.863636364,0.307692308,0.678571429,0.571428571,0.73196655
521,0.683760684,NA,0.653846154,0.444444444,0.772727273,0.307692308,0.73196655
522,0.717948718,NA,0.730769231,0.666666667,0.863636364,0.461538462,0.73196655
523,0.736111111,NA,0.518518519,0.75,0.875,0.315789474,0.73196655
524,0.676870748,NA,0.761904762,0.428571429,0.666666667,0.545454545,0.73196655
525,0.706521739,NA,0.652173913,0.583333333,0.75,0.466666667,0.73196655
526,0.752136752,NA,0.769230769,0.666666667,0.869565217,0.5,0.73196655
527,0.594017094,NA,0.653846154,0.222222222,0.708333333,0.181818182,0.73196655
528,0.670289855,NA,0.565217391,0.666666667,0.764705882,0.444444444,0.73196655
529,0.562937063,NA,0.636363636,0.307692308,0.608695652,0.333333333,0.73196655
530,0.63986014,NA,0.5,0.692307692,0.733333333,0.45,0.73196655
531,0.659090909,NA,0.708333333,0.454545455,0.739130435,0.416666667,0.73196655
532,0.763157895,NA,0.684210526,0.625,0.684210526,0.625,0.73196655
533,0.702898551,NA,0.782608696,0.583333333,0.782608696,0.583333333,0.73196655
534,0.640151515,NA,0.583333333,0.545454545,0.736842105,0.375,0.73196655
535,0.776,NA,0.64,0.6,0.8,0.4,0.73196655
536,0.601449275,NA,0.565217391,0.583333333,0.722222222,0.411764706,0.73196655
537,0.699074074,NA,0.62962963,0.5,0.80952381,0.285714286,0.73196655
538,0.852272727,NA,0.833333333,0.363636364,0.740740741,0.5,0.73196655
539,0.684782609,NA,0.652173913,0.583333333,0.75,0.466666667,0.73196655
540,0.731060606,NA,0.75,0.727272727,0.857142857,0.571428571,0.73196655
541,0.72027972,NA,0.727272727,0.615384615,0.761904762,0.571428571,0.73196655
542,0.716,NA,0.68,0.5,0.772727273,0.384615385,0.73196655
543,0.64957265,NA,0.5,0.555555556,0.764705882,0.277777778,0.73196655
544,0.791666667,NA,0.777777778,0.625,0.875,0.454545455,0.73196655
545,0.752136752,NA,0.615384615,0.777777778,0.888888889,0.411764706,0.73196655
546,0.71,NA,0.55,0.733333333,0.733333333,0.55,0.73196655
547,0.787878788,NA,0.666666667,0.818181818,0.888888889,0.529411765,0.73196655
548,0.756410256,NA,0.5,0.888888889,0.928571429,0.380952381,0.73196655
549,0.772,NA,0.72,0.6,0.818181818,0.461538462,0.73196655
550,0.698979592,NA,0.642857143,0.571428571,0.857142857,0.285714286,0.73196655
551,0.819727891,NA,1,0.357142857,0.7,1,0.73196655
552,0.772,NA,0.72,0.6,0.818181818,0.461538462,0.73196655
553,0.81292517,NA,0.952380952,0.428571429,0.714285714,0.857142857,0.73196655
554,0.742753623,NA,0.782608696,0.583333333,0.782608696,0.583333333,0.73196655
555,0.648550725,NA,0.608695652,0.666666667,0.777777778,0.470588235,0.73196655
556,0.706293706,NA,0.818181818,0.230769231,0.642857143,0.428571429,0.73196655
557,0.736,NA,0.72,0.4,0.75,0.363636364,0.73196655
558,0.569444444,NA,0.703703704,0.375,0.791666667,0.272727273,0.73196655
559,0.684782609,NA,0.652173913,0.5,0.714285714,0.428571429,0.73196655
560,0.715909091,NA,0.791666667,0.545454545,0.791666667,0.545454545,0.73196655
561,0.632,NA,0.64,0.6,0.8,0.4,0.73196655
562,0.831632653,NA,0.75,0.857142857,0.954545455,0.461538462,0.73196655
563,0.724637681,NA,0.652173913,0.5,0.714285714,0.428571429,0.73196655
564,0.753787879,NA,0.75,0.636363636,0.818181818,0.538461538,0.73196655
565,0.623931624,NA,0.653846154,0.333333333,0.739130435,0.25,0.73196655
566,0.778911565,NA,0.761904762,0.428571429,0.666666667,0.545454545,0.73196655
567,0.713768116,NA,0.739130435,0.416666667,0.708333333,0.454545455,0.73196655
568,0.72027972,NA,0.818181818,0.461538462,0.72,0.6,0.73196655
569,0.722222222,NA,0.62962963,0.75,0.894736842,0.375,0.73196655
570,0.735507246,NA,0.739130435,0.5,0.739130435,0.5,0.73196655
571,0.743421053,NA,0.736842105,0.6875,0.736842105,0.6875,0.73196655
572,0.769230769,NA,0.772727273,0.538461538,0.739130435,0.583333333,0.73196655
573,0.678321678,NA,0.727272727,0.461538462,0.695652174,0.5,0.73196655
574,0.78030303,NA,0.75,0.727272727,0.857142857,0.571428571,0.73196655
575,0.604,NA,0.68,0.4,0.739130435,0.333333333,0.73196655
576,0.695402299,NA,0.517241379,0.5,0.833333333,0.176470588,0.73196655
577,0.666666667,NA,0.714285714,0.428571429,0.652173913,0.5,0.73196655
578,0.74,NA,0.6,0.7,0.833333333,0.411764706,0.73196655
579,0.708333333,NA,0.625,0.545454545,0.75,0.4,0.73196655
580,0.768518519,NA,0.555555556,0.75,0.882352941,0.333333333,0.73196655
581,0.731060606,NA,0.708333333,0.636363636,0.80952381,0.5,0.73196655
582,0.851851852,NA,0.814814815,0.625,0.88,0.5,0.73196655
583,0.673913043,NA,0.652173913,0.416666667,0.681818182,0.384615385,0.73196655
584,0.739795918,NA,0.678571429,0.428571429,0.826086957,0.25,0.73196655
585,0.833333333,NA,0.5,0.888888889,0.928571429,0.380952381,0.73196655
586,0.717391304,NA,0.652173913,0.583333333,0.75,0.466666667,0.73196655
587,0.807971014,NA,0.782608696,0.666666667,0.818181818,0.615384615,0.73196655
588,0.706896552,NA,0.724137931,0.5,0.875,0.272727273,0.73196655
589,0.704,NA,0.72,0.5,0.782608696,0.416666667,0.73196655
590,0.709401709,NA,0.615384615,0.777777778,0.888888889,0.411764706,0.73196655
591,0.663043478,NA,0.826086957,0.166666667,0.655172414,0.333333333,0.73196655
592,0.636054422,NA,0.428571429,0.714285714,0.692307692,0.454545455,0.73196655
593,0.821969697,NA,0.708333333,0.727272727,0.85,0.533333333,0.73196655
594,0.685314685,NA,0.772727273,0.307692308,0.653846154,0.444444444,0.73196655
595,0.814685315,NA,0.727272727,0.615384615,0.761904762,0.571428571,0.73196655
596,0.776,NA,0.76,0.5,0.791666667,0.454545455,0.73196655
597,0.717592593,NA,0.555555556,0.75,0.882352941,0.333333333,0.73196655
598,0.699074074,NA,0.740740741,0.375,0.8,0.3,0.73196655
599,0.76,NA,0.733333333,0.8,0.956521739,0.333333333,0.73196655
600,0.769230769,NA,0.576923077,0.777777778,0.882352941,0.388888889,0.73196655
601,0.747863248,NA,0.615384615,0.666666667,0.842105263,0.375,0.73196655
602,0.642857143,NA,0.857142857,0.214285714,0.620689655,0.5,0.73196655
603,0.766129032,NA,0.64516129,0.75,0.952380952,0.214285714,0.73196655
604,0.693333333,NA,0.65,0.466666667,0.619047619,0.5,0.73196655
605,0.726495726,NA,0.692307692,0.444444444,0.782608696,0.333333333,0.73196655
606,0.712121212,NA,0.75,0.363636364,0.72,0.4,0.73196655
607,0.633333333,NA,0.65,0.333333333,0.565217391,0.416666667,0.73196655
608,0.766666667,NA,0.85,0.4,0.653846154,0.666666667,0.73196655
609,0.810344828,NA,0.586206897,1,1,0.333333333,0.73196655
610,0.824074074,NA,0.703703704,0.75,0.904761905,0.428571429,0.73196655
611,0.792,NA,0.72,0.4,0.75,0.363636364,0.73196655
612,0.756,NA,0.72,0.7,0.857142857,0.5,0.73196655
613,0.828,NA,0.64,0.9,0.941176471,0.5,0.73196655
614,0.653846154,NA,0.653846154,0.555555556,0.80952381,0.357142857,0.73196655
615,0.787037037,NA,0.925925926,0.375,0.833333333,0.6,0.73196655
616,0.777777778,NA,0.653846154,0.555555556,0.80952381,0.357142857,0.73196655
617,0.667832168,NA,0.636363636,0.615384615,0.736842105,0.5,0.73196655
618,0.692028986,NA,0.695652174,0.75,0.842105263,0.5625,0.73196655
619,0.622377622,NA,0.590909091,0.384615385,0.619047619,0.357142857,0.73196655
620,0.632,NA,0.56,0.5,0.736842105,0.3125,0.73196655
621,0.713675214,NA,0.884615385,0.222222222,0.766666667,0.4,0.73196655
622,0.752136752,NA,0.538461538,0.777777778,0.875,0.368421053,0.73196655
623,0.837121212,NA,0.833333333,0.636363636,0.833333333,0.636363636,0.73196655
624,0.616,NA,0.64,0.4,0.727272727,0.307692308,0.73196655
625,0.700657895,NA,0.631578947,0.75,0.75,0.631578947,0.73196655
626,0.683673469,NA,0.714285714,0.571428571,0.714285714,0.571428571,0.73196655
627,0.674242424,NA,0.708333333,0.636363636,0.80952381,0.5,0.73196655
628,0.88,NA,0.84,0.7,0.875,0.636363636,0.73196655
629,0.803030303,NA,0.791666667,0.727272727,0.863636364,0.615384615,0.73196655
630,0.72826087,NA,0.739130435,0.666666667,0.80952381,0.571428571,0.73196655
631,0.710526316,NA,0.684210526,0.375,0.565217391,0.5,0.73196655
632,0.757575758,NA,0.625,0.727272727,0.833333333,0.470588235,0.73196655
633,0.75170068,NA,0.952380952,0.285714286,0.666666667,0.8,0.73196655
634,0.800724638,NA,0.695652174,0.666666667,0.8,0.533333333,0.73196655
635,0.662878788,NA,0.708333333,0.454545455,0.739130435,0.416666667,0.73196655
636,0.841880342,NA,0.846153846,0.666666667,0.88,0.6,0.73196655
637,0.818181818,NA,0.625,0.818181818,0.882352941,0.5,0.73196655
638,0.689393939,NA,0.708333333,0.454545455,0.739130435,0.416666667,0.73196655
639,0.70979021,NA,0.545454545,0.846153846,0.857142857,0.523809524,0.73196655
640,0.814685315,NA,0.681818182,0.769230769,0.833333333,0.588235294,0.73196655
641,0.848484848,NA,0.75,0.727272727,0.857142857,0.571428571,0.73196655
642,0.794871795,NA,0.769230769,0.555555556,0.833333333,0.454545455,0.73196655
643,0.760869565,NA,0.695652174,0.75,0.842105263,0.5625,0.73196655
644,0.797101449,NA,0.739130435,0.583333333,0.772727273,0.538461538,0.73196655
645,0.746212121,NA,0.708333333,0.545454545,0.772727273,0.461538462,0.73196655
646,0.638888889,NA,0.592592593,0.625,0.842105263,0.3125,0.73196655
647,0.731292517,NA,0.666666667,0.714285714,0.777777778,0.588235294,0.73196655
648,0.867424242,NA,0.75,0.818181818,0.9,0.6,0.73196655
649,0.74,NA,0.76,0.6,0.826086957,0.5,0.73196655
650,0.699275362,NA,0.652173913,0.666666667,0.789473684,0.5,0.73196655
651,0.648148148,NA,0.777777778,0.375,0.807692308,0.333333333,0.73196655
652,0.704545455,NA,0.833333333,0.454545455,0.769230769,0.555555556,0.73196655
653,0.786231884,NA,0.739130435,0.666666667,0.80952381,0.571428571,0.73196655
654,0.592592593,NA,0.666666667,0.375,0.782608696,0.25,0.73196655
655,0.672,NA,0.72,0.3,0.72,0.3,0.73196655
656,0.843537415,NA,0.904761905,0.5,0.730769231,0.777777778,0.73196655
657,0.714285714,NA,0.607142857,0.857142857,0.944444444,0.352941176,0.73196655
658,0.70979021,NA,0.545454545,0.615384615,0.705882353,0.444444444,0.73196655
659,0.86013986,NA,0.909090909,0.615384615,0.8,0.8,0.73196655
660,0.717687075,NA,0.619047619,0.642857143,0.722222222,0.529411765,0.73196655
661,0.724489796,NA,0.666666667,0.5,0.666666667,0.5,0.73196655
662,0.764,NA,0.68,0.7,0.85,0.466666667,0.73196655
663,0.743589744,NA,0.653846154,0.555555556,0.80952381,0.357142857,0.73196655
664,0.836956522,NA,0.913043478,0.416666667,0.75,0.714285714,0.73196655
665,0.833333333,NA,0.904761905,0.5,0.730769231,0.777777778,0.73196655
666,0.773504274,NA,0.769230769,0.666666667,0.869565217,0.5,0.73196655
667,0.770408163,NA,0.785714286,0.428571429,0.846153846,0.333333333,0.73196655
668,0.704081633,NA,0.607142857,0.714285714,0.894736842,0.3125,0.73196655
669,0.753289474,NA,0.736842105,0.5625,0.666666667,0.642857143,0.73196655
670,0.778985507,NA,0.695652174,0.833333333,0.888888889,0.588235294,0.73196655
671,0.772727273,NA,0.791666667,0.545454545,0.791666667,0.545454545,0.73196655
672,0.677536232,NA,0.739130435,0.5,0.739130435,0.5,0.73196655
673,0.789855072,NA,0.782608696,0.5,0.75,0.545454545,0.73196655
674,0.768707483,NA,0.80952381,0.428571429,0.68,0.6,0.73196655
675,0.733333333,NA,0.85,0.466666667,0.68,0.7,0.73196655
676,0.678030303,NA,0.708333333,0.545454545,0.772727273,0.461538462,0.73196655
677,0.766666667,NA,0.8,0.533333333,0.695652174,0.666666667,0.73196655
678,0.848,NA,0.76,0.6,0.826086957,0.5,0.73196655
679,0.611888112,NA,0.545454545,0.692307692,0.75,0.473684211,0.73196655
680,0.801020408,NA,0.714285714,0.714285714,0.909090909,0.384615385,0.73196655
681,0.583333333,NA,0.625,0.545454545,0.75,0.4,0.73196655
682,0.833333333,NA,0.75,0.545454545,0.782608696,0.5,0.73196655
683,0.893939394,NA,0.791666667,0.818181818,0.904761905,0.642857143,0.73196655
684,0.757575758,NA,0.833333333,0.181818182,0.689655172,0.333333333,0.73196655
685,0.728,NA,0.8,0.5,0.8,0.5,0.73196655
686,0.734848485,NA,0.75,0.545454545,0.782608696,0.5,0.73196655
687,0.864,NA,0.72,0.9,0.947368421,0.5625,0.73196655
688,0.640151515,NA,0.5,0.545454545,0.705882353,0.333333333,0.73196655
689,0.736842105,NA,0.842105263,0.25,0.571428571,0.571428571,0.73196655
690,0.628787879,NA,0.666666667,0.454545455,0.727272727,0.384615385,0.73196655
691,0.846938776,NA,0.857142857,0.5,0.72,0.7,0.73196655
692,0.636054422,NA,0.761904762,0.214285714,0.592592593,0.375,0.73196655
693,0.75,NA,0.913043478,0.416666667,0.75,0.714285714,0.73196655
694,0.893939394,NA,0.791666667,0.727272727,0.863636364,0.615384615,0.73196655
695,0.776515152,NA,0.791666667,0.454545455,0.76,0.5,0.73196655
696,0.700680272,NA,0.714285714,0.571428571,0.714285714,0.571428571,0.73196655
697,0.823529412,NA,0.764705882,0.611111111,0.65,0.733333333,0.73196655
698,0.647727273,NA,0.625,0.454545455,0.714285714,0.357142857,0.73196655
699,0.777777778,NA,0.769230769,0.666666667,0.869565217,0.5,0.73196655
700,0.723684211,NA,0.789473684,0.4375,0.625,0.636363636,0.73196655
701,0.723484848,NA,0.708333333,0.727272727,0.85,0.533333333,0.73196655
702,0.742424242,NA,0.75,0.545454545,0.782608696,0.5,0.73196655
703,0.62,NA,0.6,0.8,0.882352941,0.444444444,0.73196655
704,0.768115942,NA,0.652173913,0.666666667,0.789473684,0.5,0.73196655
705,0.68,NA,0.64,0.6,0.8,0.4,0.73196655
706,0.769230769,NA,0.772727273,0.538461538,0.739130435,0.583333333,0.73196655
707,0.83908046,NA,0.689655172,1,1,0.4,0.73196655
708,0.768115942,NA,0.739130435,0.583333333,0.772727273,0.538461538,0.73196655
709,0.677536232,NA,0.739130435,0.25,0.653846154,0.333333333,0.73196655
710,0.632,NA,0.72,0.5,0.782608696,0.416666667,0.73196655
711,0.630434783,NA,0.565217391,0.583333333,0.722222222,0.411764706,0.73196655
712,0.816091954,NA,0.689655172,0.5,0.869565217,0.25,0.73196655
713,0.653846154,NA,0.772727273,0.384615385,0.68,0.5,0.73196655
714,0.666666667,NA,0.652173913,0.416666667,0.681818182,0.384615385,0.73196655
715,0.632575758,NA,0.666666667,0.545454545,0.761904762,0.428571429,0.73196655
716,0.768518519,NA,0.592592593,0.75,0.888888889,0.352941176,0.73196655
717,0.778911565,NA,0.666666667,0.714285714,0.777777778,0.588235294,0.73196655
718,0.684782609,NA,0.652173913,0.416666667,0.681818182,0.384615385,0.73196655
719,0.705128205,NA,0.769230769,0.444444444,0.8,0.4,0.73196655
720,0.831632653,NA,0.607142857,0.857142857,0.944444444,0.352941176,0.73196655
721,0.723484848,NA,0.791666667,0.181818182,0.678571429,0.285714286,0.73196655
722,0.734265734,NA,0.772727273,0.615384615,0.772727273,0.615384615,0.73196655
723,0.644927536,NA,0.739130435,0.416666667,0.708333333,0.454545455,0.73196655
724,0.818181818,NA,0.791666667,0.818181818,0.904761905,0.642857143,0.73196655
725,0.807692308,NA,0.818181818,0.538461538,0.75,0.636363636,0.73196655
726,0.748251748,NA,0.5,0.769230769,0.785714286,0.476190476,0.73196655
727,0.706666667,NA,0.75,0.533333333,0.681818182,0.615384615,0.73196655
728,0.636363636,NA,0.636363636,0.461538462,0.666666667,0.428571429,0.73196655
729,0.716783217,NA,0.772727273,0.307692308,0.653846154,0.444444444,0.73196655
730,0.716783217,NA,0.681818182,0.384615385,0.652173913,0.416666667,0.73196655
731,0.756410256,NA,0.730769231,0.555555556,0.826086957,0.416666667,0.73196655
732,0.568965517,NA,0.586206897,0.5,0.85,0.2,0.73196655
733,0.786324786,NA,0.769230769,0.666666667,0.869565217,0.5,0.73196655
734,0.789115646,NA,0.761904762,0.642857143,0.761904762,0.642857143,0.73196655
735,0.734848485,NA,0.458333333,0.727272727,0.785714286,0.380952381,0.73196655
736,0.806122449,NA,0.80952381,0.642857143,0.772727273,0.692307692,0.73196655
737,0.653061224,NA,0.892857143,0.285714286,0.833333333,0.4,0.73196655
738,0.743421053,NA,0.789473684,0.5625,0.681818182,0.692307692,0.73196655
739,0.643518519,NA,0.777777778,0.5,0.84,0.4,0.73196655
740,0.738636364,NA,0.75,0.454545455,0.75,0.454545455,0.73196655
741,0.708,NA,0.68,0.7,0.85,0.466666667,0.73196655
742,0.663043478,NA,0.739130435,0.166666667,0.62962963,0.25,0.73196655
743,0.653846154,NA,0.692307692,0.333333333,0.75,0.272727273,0.73196655
744,0.717948718,NA,0.5,0.777777778,0.866666667,0.35,0.73196655
745,0.746666667,NA,0.75,0.466666667,0.652173913,0.583333333,0.73196655
746,0.58,NA,0.64,0.4,0.727272727,0.307692308,0.73196655
747,0.833333333,NA,0.75,0.727272727,0.857142857,0.571428571,0.73196655
748,0.793333333,NA,0.55,0.866666667,0.846153846,0.590909091,0.73196655
749,0.738095238,NA,0.571428571,0.857142857,0.857142857,0.571428571,0.73196655
750,0.743589744,NA,0.807692308,0.444444444,0.807692308,0.444444444,0.73196655
751,0.804347826,NA,0.608695652,0.833333333,0.875,0.526315789,0.73196655
752,0.782051282,NA,0.5,1,1,0.409090909,0.73196655
753,0.712,NA,0.68,0.6,0.80952381,0.428571429,0.73196655
754,0.824,NA,0.76,0.8,0.904761905,0.571428571,0.73196655
755,0.901515152,NA,0.833333333,0.727272727,0.869565217,0.666666667,0.73196655
756,0.773504274,NA,0.692307692,0.555555556,0.818181818,0.384615385,0.73196655
757,0.75,NA,0.736842105,0.5625,0.666666667,0.642857143,0.73196655
758,0.606481481,NA,0.62962963,0.5,0.80952381,0.285714286,0.73196655
759,0.671328671,NA,0.545454545,0.692307692,0.75,0.473684211,0.73196655
760,0.746212121,NA,0.583333333,0.636363636,0.777777778,0.411764706,0.73196655
761,0.739130435,NA,0.434782609,0.75,0.769230769,0.409090909,0.73196655
762,0.670068027,NA,0.571428571,0.714285714,0.75,0.526315789,0.73196655
763,0.746376812,NA,0.695652174,0.666666667,0.8,0.533333333,0.73196655
764,0.727891156,NA,0.761904762,0.285714286,0.615384615,0.444444444,0.73196655
765,0.72826087,NA,0.739130435,0.5,0.739130435,0.5,0.73196655
766,0.736,NA,0.64,0.7,0.842105263,0.4375,0.73196655
767,0.811188811,NA,0.863636364,0.538461538,0.76,0.7,0.73196655
768,0.698979592,NA,0.714285714,0.571428571,0.869565217,0.333333333,0.73196655
769,0.667832168,NA,0.681818182,0.461538462,0.681818182,0.461538462,0.73196655
770,0.734265734,NA,0.681818182,0.538461538,0.714285714,0.5,0.73196655
771,0.76,NA,0.72,0.6,0.818181818,0.461538462,0.73196655
772,0.681818182,NA,0.708333333,0.363636364,0.708333333,0.363636364,0.73196655
773,0.856643357,NA,0.818181818,0.538461538,0.75,0.636363636,0.73196655
774,0.787878788,NA,0.625,0.909090909,0.9375,0.526315789,0.73196655
775,0.782407407,NA,0.666666667,0.75,0.9,0.4,0.73196655
776,0.800724638,NA,0.826086957,0.583333333,0.791666667,0.636363636,0.73196655
777,0.59469697,NA,0.583333333,0.454545455,0.7,0.333333333,0.73196655
778,0.756666667,NA,0.8,0.466666667,0.666666667,0.636363636,0.73196655
779,0.769230769,NA,0.727272727,0.461538462,0.695652174,0.5,0.73196655
780,0.814814815,NA,0.814814815,0.75,0.916666667,0.545454545,0.73196655
781,0.658119658,NA,0.538461538,0.555555556,0.777777778,0.294117647,0.73196655
782,0.636363636,NA,0.625,0.454545455,0.714285714,0.357142857,0.73196655
783,0.731884058,NA,0.739130435,0.5,0.739130435,0.5,0.73196655
784,0.65530303,NA,0.833333333,0.272727273,0.714285714,0.428571429,0.73196655
785,0.651515152,NA,0.791666667,0.363636364,0.730769231,0.444444444,0.73196655
786,0.636363636,NA,0.636363636,0.307692308,0.608695652,0.333333333,0.73196655
787,0.84057971,NA,0.869565217,0.25,0.689655172,0.5,0.73196655
788,0.807692308,NA,0.772727273,0.615384615,0.772727273,0.615384615,0.73196655
789,0.764,NA,0.56,0.8,0.875,0.421052632,0.73196655
790,0.819727891,NA,0.80952381,0.571428571,0.739130435,0.666666667,0.73196655
791,0.765734266,NA,0.727272727,0.615384615,0.761904762,0.571428571,0.73196655
792,0.756,NA,0.48,0.7,0.8,0.35,0.73196655
793,0.724637681,NA,0.826086957,0.333333333,0.703703704,0.5,0.73196655
794,0.786324786,NA,0.653846154,0.888888889,0.944444444,0.470588235,0.73196655
795,0.68877551,NA,0.464285714,0.857142857,0.928571429,0.285714286,0.73196655
796,0.737762238,NA,0.681818182,0.692307692,0.789473684,0.5625,0.73196655
797,0.867424242,NA,0.833333333,0.727272727,0.869565217,0.666666667,0.73196655
798,0.700854701,NA,0.653846154,0.666666667,0.85,0.4,0.73196655
799,0.7,NA,0.64,0.5,0.761904762,0.357142857,0.73196655
800,0.706666667,NA,0.8,0.466666667,0.666666667,0.636363636,0.73196655
801,0.802721088,NA,0.761904762,0.714285714,0.8,0.666666667,0.73196655
802,0.71969697,NA,0.666666667,0.545454545,0.761904762,0.428571429,0.73196655
803,0.723484848,NA,0.625,0.636363636,0.789473684,0.4375,0.73196655
804,0.804,NA,0.88,0.3,0.75862069,0.5,0.73196655
805,0.808,NA,0.8,0.6,0.833333333,0.545454545,0.73196655
806,0.684782609,NA,0.869565217,0.333333333,0.714285714,0.571428571,0.73196655
807,0.713286713,NA,0.727272727,0.615384615,0.761904762,0.571428571,0.73196655
808,0.791666667,NA,0.708333333,0.727272727,0.85,0.533333333,0.73196655
809,0.663043478,NA,0.739130435,0.416666667,0.708333333,0.454545455,0.73196655
810,0.782051282,NA,0.423076923,0.888888889,0.916666667,0.347826087,0.73196655
811,0.782312925,NA,0.666666667,0.642857143,0.736842105,0.5625,0.73196655
812,0.68707483,NA,0.619047619,0.571428571,0.684210526,0.5,0.73196655
813,0.59057971,NA,0.565217391,0.5,0.684210526,0.375,0.73196655
814,0.776515152,NA,0.75,0.636363636,0.818181818,0.538461538,0.73196655
815,0.72,NA,0.72,0.5,0.782608696,0.416666667,0.73196655
816,0.553030303,NA,0.666666667,0.545454545,0.761904762,0.428571429,0.73196655
817,0.735507246,NA,0.782608696,0.5,0.75,0.545454545,0.73196655
818,0.587412587,NA,0.636363636,0.384615385,0.636363636,0.384615385,0.73196655
819,0.752,NA,0.88,0.3,0.75862069,0.5,0.73196655
820,0.78030303,NA,0.75,0.636363636,0.818181818,0.538461538,0.73196655
821,0.704,NA,0.76,0.5,0.791666667,0.454545455,0.73196655
822,0.721014493,NA,0.652173913,0.583333333,0.75,0.466666667,0.73196655
823,0.755244755,NA,0.772727273,0.615384615,0.772727273,0.615384615,0.73196655
824,0.865740741,NA,0.740740741,0.625,0.869565217,0.416666667,0.73196655
825,0.715909091,NA,0.583333333,0.727272727,0.823529412,0.444444444,0.73196655
826,0.829059829,NA,0.923076923,0.555555556,0.857142857,0.714285714,0.73196655
827,0.576923077,NA,0.615384615,0.333333333,0.727272727,0.230769231,0.73196655
828,0.8,NA,0.8,0.4,0.769230769,0.444444444,0.73196655
829,0.816,NA,0.84,0.6,0.84,0.6,0.73196655
830,0.666666667,NA,0.615384615,0.666666667,0.842105263,0.375,0.73196655
831,0.717592593,NA,0.666666667,0.625,0.857142857,0.357142857,0.73196655
832,0.653846154,NA,0.636363636,0.461538462,0.666666667,0.428571429,0.73196655
833,0.692028986,NA,0.608695652,0.666666667,0.777777778,0.470588235,0.73196655
834,0.59057971,NA,0.608695652,0.5,0.7,0.4,0.73196655
835,0.921768707,NA,0.761904762,0.714285714,0.8,0.666666667,0.73196655
836,0.670940171,NA,0.769230769,0.333333333,0.769230769,0.333333333,0.73196655
837,0.666666667,NA,0.518518519,0.625,0.823529412,0.277777778,0.73196655
838,0.719387755,NA,0.714285714,0.571428571,0.869565217,0.333333333,0.73196655
839,0.736111111,NA,0.703703704,0.75,0.904761905,0.428571429,0.73196655
840,0.765151515,NA,0.708333333,0.636363636,0.80952381,0.5,0.73196655
841,0.778985507,NA,0.739130435,0.583333333,0.772727273,0.538461538,0.73196655
842,0.760869565,NA,0.739130435,0.583333333,0.772727273,0.538461538,0.73196655
843,0.62962963,NA,0.740740741,0.5,0.833333333,0.363636364,0.73196655
844,0.712962963,NA,0.777777778,0.25,0.777777778,0.25,0.73196655
845,0.829710145,NA,0.782608696,0.75,0.857142857,0.642857143,0.73196655
846,0.784,NA,0.8,0.7,0.869565217,0.583333333,0.73196655
847,0.765151515,NA,0.708333333,0.636363636,0.80952381,0.5,0.73196655
848,0.706293706,NA,0.636363636,0.615384615,0.736842105,0.5,0.73196655
849,0.731884058,NA,0.826086957,0.416666667,0.730769231,0.555555556,0.73196655
850,0.574074074,NA,0.592592593,0.5,0.8,0.266666667,0.73196655
851,0.764,NA,0.88,0.5,0.814814815,0.625,0.73196655
852,0.683908046,NA,0.793103448,0.333333333,0.851851852,0.25,0.73196655
853,0.816,NA,0.84,0.7,0.875,0.636363636,0.73196655
854,0.747863248,NA,0.692307692,0.555555556,0.818181818,0.384615385,0.73196655
855,0.692028986,NA,0.608695652,0.5,0.7,0.4,0.73196655
856,0.75,NA,0.821428571,0.428571429,0.851851852,0.375,0.73196655
857,0.62,NA,0.65,0.466666667,0.619047619,0.5,0.73196655
858,0.829059829,NA,0.807692308,0.555555556,0.84,0.5,0.73196655
859,0.769230769,NA,0.769230769,0.555555556,0.833333333,0.454545455,0.73196655
860,0.647727273,NA,0.75,0.363636364,0.72,0.4,0.73196655
861,0.667763158,NA,0.842105263,0.5,0.666666667,0.727272727,0.73196655
862,0.739130435,NA,0.869565217,0.5,0.769230769,0.666666667,0.73196655
863,0.765306122,NA,0.904761905,0.357142857,0.678571429,0.714285714,0.73196655
864,0.69047619,NA,0.523809524,0.785714286,0.785714286,0.523809524,0.73196655
865,0.756410256,NA,0.461538462,1,1,0.391304348,0.73196655
866,0.693877551,NA,0.571428571,0.785714286,0.8,0.55,0.73196655
867,0.556,NA,0.6,0.3,0.681818182,0.230769231,0.73196655
868,0.703703704,NA,0.62962963,0.75,0.894736842,0.375,0.73196655
869,0.702797203,NA,0.727272727,0.461538462,0.695652174,0.5,0.73196655
870,0.662393162,NA,0.769230769,0.444444444,0.8,0.4,0.73196655
871,0.666666667,NA,0.666666667,0.5,0.818181818,0.307692308,0.73196655
872,0.712121212,NA,0.666666667,0.454545455,0.727272727,0.384615385,0.73196655
873,0.854700855,NA,0.730769231,0.666666667,0.863636364,0.461538462,0.73196655
874,0.735042735,NA,0.692307692,0.555555556,0.818181818,0.384615385,0.73196655
875,0.791666667,NA,0.833333333,0.545454545,0.8,0.6,0.73196655
876,0.77972028,NA,0.863636364,0.538461538,0.76,0.7,0.73196655
877,0.490740741,NA,0.592592593,0.25,0.727272727,0.153846154,0.73196655
878,0.782608696,NA,0.608695652,0.916666667,0.933333333,0.55,0.73196655
879,0.835526316,NA,1,0.375,0.655172414,1,0.73196655
880,0.75,NA,0.541666667,0.636363636,0.764705882,0.388888889,0.73196655
881,0.772727273,NA,0.833333333,0.454545455,0.769230769,0.555555556,0.73196655
882,0.745098039,NA,0.722222222,0.647058824,0.684210526,0.6875,0.73196655
883,0.666666667,NA,0.538461538,0.777777778,0.875,0.368421053,0.73196655
884,0.822463768,NA,0.826086957,0.416666667,0.730769231,0.555555556,0.73196655
885,0.773026316,NA,0.684210526,0.6875,0.722222222,0.647058824,0.73196655
886,0.602040816,NA,0.619047619,0.642857143,0.722222222,0.529411765,0.73196655
887,0.643518519,NA,0.666666667,0.375,0.782608696,0.25,0.73196655
888,0.70979021,NA,0.863636364,0.384615385,0.703703704,0.625,0.73196655
889,0.692307692,NA,0.681818182,0.692307692,0.789473684,0.5625,0.73196655
890,0.77173913,NA,0.652173913,0.666666667,0.789473684,0.5,0.73196655
891,0.83908046,NA,0.793103448,0.666666667,0.92,0.4,0.73196655
892,0.657407407,NA,0.666666667,0.625,0.857142857,0.357142857,0.73196655
893,0.795454545,NA,0.875,0.454545455,0.777777778,0.625,0.73196655
894,0.913333333,NA,0.733333333,0.8,0.956521739,0.333333333,0.73196655
895,0.581196581,NA,0.615384615,0.444444444,0.761904762,0.285714286,0.73196655
896,0.670940171,NA,0.653846154,0.555555556,0.80952381,0.357142857,0.73196655
897,0.741830065,NA,0.611111111,0.588235294,0.611111111,0.588235294,0.73196655
898,0.632575758,NA,0.583333333,0.545454545,0.736842105,0.375,0.73196655
899,0.68627451,NA,0.888888889,0.294117647,0.571428571,0.714285714,0.73196655
900,0.643356643,NA,0.636363636,0.692307692,0.777777778,0.529411765,0.73196655
901,0.717391304,NA,0.52173913,0.833333333,0.857142857,0.476190476,0.73196655
902,0.858695652,NA,0.956521739,0.333333333,0.733333333,0.8,0.73196655
903,0.72,NA,0.65,0.6,0.684210526,0.5625,0.73196655
904,0.819078947,NA,0.789473684,0.625,0.714285714,0.714285714,0.73196655
905,0.755102041,NA,0.857142857,0.5,0.72,0.7,0.73196655
906,0.693877551,NA,0.761904762,0.428571429,0.666666667,0.545454545,0.73196655
907,0.871794872,NA,0.769230769,0.777777778,0.909090909,0.538461538,0.73196655
908,0.623931624,NA,0.576923077,0.777777778,0.882352941,0.388888889,0.73196655
909,0.615384615,NA,0.576923077,0.666666667,0.833333333,0.352941176,0.73196655
910,0.748251748,NA,0.727272727,0.384615385,0.666666667,0.454545455,0.73196655
911,0.746212121,NA,0.833333333,0.454545455,0.769230769,0.555555556,0.73196655
912,0.717948718,NA,0.692307692,0.555555556,0.818181818,0.384615385,0.73196655
913,0.786231884,NA,0.695652174,0.75,0.842105263,0.5625,0.73196655
914,0.765306122,NA,0.80952381,0.428571429,0.68,0.6,0.73196655
915,0.796296296,NA,0.666666667,0.875,0.947368421,0.4375,0.73196655
916,0.724489796,NA,0.642857143,0.571428571,0.857142857,0.285714286,0.73196655
917,0.724637681,NA,0.695652174,0.666666667,0.8,0.533333333,0.73196655
918,0.72027972,NA,0.727272727,0.538461538,0.727272727,0.538461538,0.73196655
919,0.645299145,NA,0.692307692,0.444444444,0.782608696,0.333333333,0.73196655
920,0.784,NA,0.84,0.6,0.84,0.6,0.73196655
921,0.703703704,NA,0.481481481,0.75,0.866666667,0.3,0.73196655
922,0.756666667,NA,0.7,0.466666667,0.636363636,0.538461538,0.73196655
923,0.795918367,NA,0.642857143,0.714285714,0.9,0.333333333,0.73196655
924,0.739130435,NA,0.739130435,0.583333333,0.772727273,0.538461538,0.73196655
925,0.72027972,NA,0.545454545,0.615384615,0.705882353,0.444444444,0.73196655
926,0.79020979,NA,0.863636364,0.307692308,0.678571429,0.571428571,0.73196655
927,0.782051282,NA,0.769230769,0.444444444,0.8,0.4,0.73196655
928,0.724489796,NA,0.75,0.428571429,0.84,0.3,0.73196655
929,0.863636364,NA,0.772727273,0.846153846,0.894736842,0.6875,0.73196655
930,0.676666667,NA,0.6,0.666666667,0.705882353,0.555555556,0.73196655
931,0.737762238,NA,0.863636364,0.538461538,0.76,0.7,0.73196655
932,0.652777778,NA,0.518518519,0.625,0.823529412,0.277777778,0.73196655
933,0.723776224,NA,0.727272727,0.461538462,0.695652174,0.5,0.73196655
934,0.75,NA,0.913043478,0.5,0.777777778,0.75,0.73196655
935,0.756410256,NA,0.653846154,0.666666667,0.85,0.4,0.73196655
936,0.772,NA,0.76,0.5,0.791666667,0.454545455,0.73196655
937,0.676870748,NA,0.619047619,0.571428571,0.684210526,0.5,0.73196655
938,0.56993007,NA,0.545454545,0.538461538,0.666666667,0.411764706,0.73196655
939,0.590909091,NA,0.681818182,0.384615385,0.652173913,0.416666667,0.73196655
940,0.772727273,NA,0.75,0.454545455,0.75,0.454545455,0.73196655
941,0.684782609,NA,0.652173913,0.5,0.714285714,0.428571429,0.73196655
942,0.696,NA,0.76,0.4,0.76,0.4,0.73196655
943,0.86,NA,0.64,0.9,0.941176471,0.5,0.73196655
944,0.704081633,NA,0.714285714,0.571428571,0.869565217,0.333333333,0.73196655
945,0.664335664,NA,0.5,0.692307692,0.733333333,0.45,0.73196655
946,0.685314685,NA,0.772727273,0.384615385,0.68,0.5,0.73196655
947,0.810606061,NA,0.833333333,0.545454545,0.8,0.6,0.73196655
948,0.640151515,NA,0.708333333,0.363636364,0.708333333,0.363636364,0.73196655
949,0.786324786,NA,0.807692308,0.555555556,0.84,0.5,0.73196655
950,0.808,NA,0.56,0.9,0.933333333,0.45,0.73196655
951,0.552,NA,0.64,0.4,0.727272727,0.307692308,0.73196655
952,0.833333333,NA,0.761904762,0.642857143,0.761904762,0.642857143,0.73196655
953,0.717391304,NA,0.608695652,0.666666667,0.777777778,0.470588235,0.73196655
954,0.760204082,NA,0.678571429,0.571428571,0.863636364,0.307692308,0.73196655
955,0.741258741,NA,0.818181818,0.538461538,0.75,0.636363636,0.73196655
956,0.714285714,NA,0.761904762,0.571428571,0.727272727,0.615384615,0.73196655
957,0.641304348,NA,0.739130435,0.5,0.739130435,0.5,0.73196655
958,0.713768116,NA,0.739130435,0.5,0.739130435,0.5,0.73196655
959,0.719387755,NA,0.571428571,0.571428571,0.842105263,0.25,0.73196655
960,0.756410256,NA,0.769230769,0.555555556,0.833333333,0.454545455,0.73196655
961,0.661290323,NA,0.677419355,0.5,0.913043478,0.166666667,0.73196655
962,0.712,NA,0.72,0.5,0.782608696,0.416666667,0.73196655
963,0.878787879,NA,0.875,0.636363636,0.84,0.7,0.73196655
964,0.784090909,NA,0.666666667,0.727272727,0.842105263,0.5,0.73196655
965,0.846666667,NA,0.75,0.866666667,0.882352941,0.722222222,0.73196655
966,0.566326531,NA,0.607142857,0.285714286,0.772727273,0.153846154,0.73196655
967,0.65034965,NA,0.772727273,0.307692308,0.653846154,0.444444444,0.73196655
968,0.632653061,NA,0.666666667,0.357142857,0.608695652,0.416666667,0.73196655
969,0.683673469,NA,0.857142857,0.285714286,0.642857143,0.571428571,0.73196655
970,0.801020408,NA,0.714285714,0.857142857,0.952380952,0.428571429,0.73196655
971,0.75,NA,0.75,0.636363636,0.818181818,0.538461538,0.73196655
972,0.772108844,NA,0.761904762,0.571428571,0.727272727,0.615384615,0.73196655
973,0.64,NA,0.64,0.4,0.727272727,0.307692308,0.73196655
974,0.727891156,NA,0.761904762,0.428571429,0.666666667,0.545454545,0.73196655
975,0.636,NA,0.6,0.5,0.75,0.333333333,0.73196655
976,0.792517007,NA,0.761904762,0.5,0.695652174,0.583333333,0.73196655
977,0.790849673,NA,0.777777778,0.647058824,0.7,0.733333333,0.73196655
978,0.696581197,NA,0.807692308,0.333333333,0.777777778,0.375,0.73196655
979,0.806818182,NA,0.708333333,0.636363636,0.80952381,0.5,0.73196655
980,0.821678322,NA,0.772727273,0.615384615,0.772727273,0.615384615,0.73196655
981,0.652,NA,0.56,0.5,0.736842105,0.3125,0.73196655
982,0.699275362,NA,0.608695652,0.666666667,0.777777778,0.470588235,0.73196655
983,0.734265734,NA,0.636363636,0.615384615,0.736842105,0.5,0.73196655
984,0.836666667,NA,0.85,0.333333333,0.62962963,0.625,0.73196655
985,0.734693878,NA,0.642857143,0.428571429,0.818181818,0.230769231,0.73196655
986,0.819727891,NA,0.904761905,0.428571429,0.703703704,0.75,0.73196655
987,0.706521739,NA,0.695652174,0.666666667,0.8,0.533333333,0.73196655
988,0.595238095,NA,0.476190476,0.571428571,0.625,0.421052632,0.73196655
989,0.833333333,NA,0.739130435,0.75,0.85,0.6,0.73196655
990,0.700854701,NA,0.692307692,0.444444444,0.782608696,0.333333333,0.73196655
991,0.824074074,NA,0.666666667,0.75,0.9,0.4,0.73196655
992,0.792517007,NA,0.80952381,0.5,0.708333333,0.636363636,0.73196655
993,0.755244755,NA,0.818181818,0.461538462,0.72,0.6,0.73196655
994,0.829059829,NA,0.846153846,0.666666667,0.88,0.6,0.73196655
995,0.756,NA,0.76,0.4,0.76,0.4,0.73196655
996,0.748,NA,0.8,0.5,0.8,0.5,0.73196655
997,0.856666667,NA,0.9,0.666666667,0.782608696,0.833333333,0.73196655
998,0.752136752,NA,0.730769231,0.777777778,0.904761905,0.5,0.73196655
999,0.84469697,NA,0.833333333,0.454545455,0.769230769,0.555555556,0.73196655
1000,0.726851852,0.685714286,0.740740741,0.5,0.833333333,0.363636364,0.73196655
Average,0.73190542,0.671428571,0.710686683,0.565354297,0.779298248,0.482245526,0.731966306
,auc_sl,acc_sl,ppv_sl,npv_sl,sens_sl,spec_sl,mean_auc_sl
